name,stars,forks,avg,mode,max,lines,files,
node-js-sample,533,10848,1,1,1,6,3,
art-of-node,3209,273,1.45,1,2,20,4,
fontello,3734,526,3.1877,3,34,883467,1339,
history.js,7941,1120,3.2445,3,34,497004,195,
r.js,1864,434,8.681,16,24,421184,2122,
ractive,3937,265,3.3202,3,16,1080369,1408,
raphael,7246,1103,4.0354,3,15,54519,33,
rCharts,766,417,4.3627,6,16,760475,633,
react,21983,3108,4.1098,3,62,235622,1187,
react-bootstrap,2263,349,2.6898,2,13,23344,494,
react-native,13967,1568,2.7629,2,16,110433,1143,
recipes-with-angular-js-examples,400,462,3.9971,3,14,1231746,1132,
Reddit-Enhancement-Suite,825,397,3.7023,3,15,116673,435,
RxJS,3969,383,2.8936,2,15,515265,1958,
satellizer,4917,470,4.2664,5,16,159012,173,
SCM-Music-Player,402,696,4.3192,4,13,43710,78,
screencasts,1111,836,3.2701,3,15,1005079,3413,
Semantic-UI,17125,1853,5.6817,7,14,114954,312,
sequelize,3701,830,4.6925,4,17,185139,486,
sfotipy,134,457,2.9835,2,13,104770,1000,
ShareJS,3554,379,4.4949,2,16,33780,57,
shiro-example,399,616,4.1296,4,13,165746,128,
shout,2569,215,3.8214,3,17,79164,240,
side-comments,2117,146,3.5127,3,13,61731,39,
sidr,2553,577,4.025,4,12,25227,15,
sigma.js,4656,687,3.2697,3,11,52011,288,
Simple-Rest-Client-Chrome-Extension,121,379,2.4358,3,6,1239,6,
SimpleWebRTC,1919,556,5.5265,5,15,38538,18,
Sinon.JS,2043,323,3.6428,4,8,49080,162,
sir-trevor-js,3775,351,4.9864,6,15,115970,273,
sizzle,3847,663,4.2883,4,14,167103,99,
sjcl,2717,344,1.9574,1,18,88200,379,
skeuocard,3175,234,3.2452,3,7,3100,4,
slap,2308,83,2.6673,1,14,5952,81,
slate,4067,1631,3.2763,2,10,4966,20,
slick,10322,1244,2.9344,2,9,5217,3,
SlickGrid,5000,1586,3.3923,3,11,28533,84,
slideout,4225,494,3.1094,3,7,2001,12,
sly,2116,349,3.2104,3,8,9267,9,
smoothState.js,2194,220,4.1386,4,11,1515,6,
snabbt.js,4228,277,2.6942,2,7,4983,15,
Snap.js,5358,669,4.3246,2,10,2696,8,
Snap.svg,6352,582,3.6577,4,11,140656,210,
so-simple-theme,482,949,3.6864,3,9,7233,21,
socket.io,17170,3228,3.3014,3,9,8631,21,
socket.io-client,2871,971,5.5232,5,17,18567,39,
socketstream,3226,254,3.3066,3,10,43429,378,
sockjs-client,3090,282,3.7154,2,18,39018,225,
Sortable,3968,382,3.3627,2,10,5559,42,
SoundJS,1533,447,2.9108,2,12,82773,198,
SoundManager2,2399,481,3.8143,3,11,60963,72,
spin.js,7295,801,3.4131,3,11,20754,24,
spine,3018,390,3.3362,3,13,54009,78,
Spring-Framework,94,409,3.8893,3,10,3767,11,
sprint,3771,124,3.249,3,7,3819,3,
Squire,2883,141,2.665,2,9,22431,30,
stackedit,5681,890,3.6267,3,16,164250,283,
statsd,7544,1067,3.4225,2,11,9351,87,
steal,790,570,4.6672,3,25,417779,363,
stellar.js,3223,959,3.8558,3,12,74115,27,
stickUp,1085,469,3.5132,3,11,11838,12,
sticky,1676,536,4.5027,5,8,549,3,
store.js,3375,419,2.8072,3,8,1992,15,
stream-handbook,5792,356,1.5289,1,4,363,84,
strider,2292,208,4.8661,5,17,205301,407,
studio-todo,1,500,3.1387,1,21,194262,981,
stylus,5691,782,2.101,1,10,21114,225,
Sugar,2724,255,2.4758,2,31,155363,291,
summernote,2500,585,3.2574,3,9,62541,240,
superagent,4035,464,2.477,1,7,11673,132,
superscrollorama,2148,513,3.8796,3,9,4086,9,
superslides,1081,391,3.8033,3,12,33665,55,
svg.js,2853,374,2.8436,3,12,37758,255,
svgo,2730,199,2.6321,3,9,20592,150,
swagger-spec,1804,389,2.9978,2,10,22699,27,
swagger-ui,2638,1528,5.3131,4,17,92794,96,
sweet.js,2981,159,3.3038,2,13,246346,223,
sweetalert,10144,1064,3.1595,1,9,5058,33,
Swipe,4633,1457,2.9951,3,8,1224,6,
swipebox,1239,365,4.4183,4,10,2661,9,
Swiper,4758,1916,3.462,3,10,28473,75,
syntaxhighlighter,3278,923,1.7879,1,4,1443,48,
systemjs,2446,99,4.2634,4,11,24399,474,
syte,2785,596,3.2327,3,11,16293,81,
tablesaw,3713,200,3.8042,3,13,41292,48,
tablesorter,1362,361,4.6274,5,14,112833,216,
tag-it,1728,599,3.788,3,9,1599,6,
Telescope,3179,1383,2.1262,2,7,33342,729,
TermKit,4246,247,3.5823,3,11,160260,558,
testem,1998,202,3.3113,3,11,183479,569,
textAngular,1975,446,4.5494,3,16,40833,120,
textillate,2054,420,3.0655,3,9,870,9,
three.js,19508,5807,3.3028,4,13,1168641,1566,
tilemill,2103,388,3.5556,3,10,25626,84,
TimelineJS,7513,1531,3.4986,3,14,102114,486,
timesheet.js,5409,365,2.4674,2,5,736,15,
tinycon,4334,242,3.6161,2,11,2751,6,
tinymce,2303,749,3.1762,2,12,185886,782,
tipsy,1878,581,3.3184,2,7,490,2,
toastr,3039,528,3.4429,2,10,9660,24,
todomvc,12561,6724,3.7821,3,23,3036885,2859,
togetherjs,4959,580,3.1838,3,11,187592,531,
topojson,1727,408,4.3465,5,9,43755,180,
TouchSwipe-Jquery-Plugin,2544,1105,3.0207,2,8,5505,15,
traceur-compiler,5191,309,2.554,1,10,173344,2390,
tracking.js,2760,364,4.3394,4,9,274119,132,
trianglify,4511,333,2.1144,2,5,1101,18,
tty.js,2368,284,1.9871,2,5,4170,18,
turn.js,3916,1364,4.7717,5,9,4533,3,
tween.js,2380,360,3.2581,4,6,3510,18,
TweenJS,1521,386,3.2703,3,12,54639,93,
twemoji,3210,285,3.4887,3,10,6366,24,
twitter-node,438,428,1.6637,1,4,669,9,
two.js,2886,196,3.7259,3,11,58539,87,
typeahead.js,10020,1719,3.117,3,19,36789,147,
uBlock,7374,334,2.5815,2,12,63342,171,
ueditor,987,504,3.4207,3,18,450866,941,
UglifyJS,5834,532,2.8567,2,11,16899,336,
UglifyJS2,3359,389,2.7486,2,11,28872,129,
ui-router,6958,1595,4.0054,3,15,231641,144,
ui-select,1281,587,3.7514,3,10,17388,45,
ui-select2,485,418,3.878,3,11,2829,15,
ui-utils,1402,650,4.0059,3,11,13647,132,
umd,2478,125,1.5068,1,3,444,33,
Unblock-Youku,959,364,1.8792,1,7,4818,84,
uncss,2279,110,2.3848,3,6,3282,44,
underscore,14516,3293,2.5878,2,10,29427,39,
underscore.string,2647,318,2.9654,1,12,7368,468,
untrusted,2384,506,2.5326,2,9,133600,557,
unveil,3086,460,3,3,5,96,3,
uptime,2610,464,2.3947,1,9,12892,156,
URI.js,3191,259,2.6572,2,10,29730,123,
validator.js,3531,370,2.6097,3,6,5811,15,
vega,2955,302,3.6081,4,12,67497,276,
velocity,7459,621,5.326,3,20,84285,27,
verlet-js,2961,387,2.3559,2,6,2664,21,
video.js,8923,2481,2.0056,1,8,30365,319,
virtual-dom,3644,168,2.3168,1,11,16629,177,
vis,2699,324,4.2687,5,12,148503,315,
vivus,3815,211,2.5588,2,7,5256,24,
vue,4388,391,3.5108,2,10,78232,427,
walkway,3470,143,1.9752,2,4,726,6,
Wappalyzer,898,447,3.7326,3,12,3598,40,
way.js,2422,146,2.4569,2,7,4425,9,
waypoints,5593,798,5.3264,7,11,61785,102,
wdi-fundamentals-rps,6,500,3.2046,2,8,6716,17,
webfontloader,3114,309,2.7551,2,9,25215,159,
webpack,4996,265,2.7394,2,11,50993,2275,
webtorrent,3974,245,2.1759,1,8,9519,90,
webuploader,1533,549,3.705,4,11,205482,297,
wechat,1777,572,3.1343,4,7,6879,63,
weixin-robot,894,394,3.4566,5,7,1176,12,
when,2424,291,3.5272,3,13,26142,306,
winston,3613,452,2.6752,1,9,13902,180,
WOW,3970,701,3.8861,3,12,20004,14,
ws,2193,370,3.2611,2,8,21945,123,
wysihtml,2477,148,3.4535,3,11,125940,450,
wysihtml5,6341,1034,3.0431,3,9,96750,315,
x-editable,4229,738,3.6773,3,12,501000,275,
yepnope.js,2496,376,3.9451,2,11,5519,35,
You-Dont-Know-JS,15158,1362,3.8775,4,9,14208,57,
yql-tables,630,434,3.0444,3,8,2093,17,
zenpen,3151,361,2.3303,2,6,1662,9,
zeroclickinfo-spice,228,518,3.2256,3,8,36067,471,
zeroclipboard,4392,774,2.5913,2,9,27690,60,
320andup,2087,320,3.3292,3,10,975,5,
500lines,4972,981,4.1482,3,15,41494,34,
accounting.js,2269,206,3.5547,3,13,8136,12,
ace,10399,2427,4.5758,5,18,227203,682,
ace-builds,707,705,4.5944,3,55,834544,1274,
adarkroom,1884,515,2.5221,1,23,22694,42,
AEEIncidents,13,585,3.8064,3,14,19622,24,
alloy,874,972,2.4605,1,18,125408,1948,
almond,1996,134,3.1155,2,11,3817,29,
Aloha-Editor,1975,488,4.2718,4,19,189541,513,
amazeui,3502,1103,2.2546,1,9,12222,75,
analytics.js,2951,325,2.9788,3,11,18998,21,
Android-Cookbook-Examples,414,529,3.0996,2,11,15818,29,
angular,3047,783,2.7505,1,9,30719,362,
angular-app,4843,1461,3.8024,3,14,22784,90,
angular-carousel,989,446,4.5316,4,12,4812,19,
angular-client-side-auth,1578,371,2.7069,3,7,1184,17,
angular-express-seed,1254,508,3.7983,4,14,58458,304,
angular-file-upload,1571,466,3.1648,3,7,1893,10,
angular-leaflet-directive,932,450,4.4573,4,17,24205,170,
angular-loading-bar,2891,345,4.197,5,9,665,6,
angular-phonecat,1569,2887,2.6313,3,5,358,14,
angular-seed,8496,5099,1.8943,1,4,123,14,
angular-strap,5142,1166,3.7981,4,15,37542,107,
angular-translate,2527,333,3.5921,3,9,7303,39,
angular-ui-OLDREPO,2354,390,3.8529,3,14,68196,69,
angular.js,38554,16274,3.077,4,17,215658,1083,
angularjs-book,1289,1036,3.7379,3,14,82362,193,
angularjs-cn,252,405,2.761,3,7,1527,2,
anijs,2390,264,3.4532,3,10,11552,29,
annyang,2035,274,3.0564,3,9,1205,5,
APDPlat,342,1020,3.421,3,26,262048,186,
app,2438,314,3.0105,3,10,12850,27,
appinventor-sources,165,437,1.7691,1,9,218830,1040,
appium,2219,1530,2.6216,1,10,27095,280,
arbor,2032,491,3.6729,4,10,7854,30,
artDialog,1214,640,3.5658,3,11,8434,16,
artTemplate,1522,644,3.2438,3,10,24272,38,
assemble,2431,138,3.1377,3,8,3144,57,
async,12961,1259,2.8048,2,11,5235,4,
aura,2861,267,3.6352,4,8,2678,17,
autoprefixer,6036,262,2.4463,2,7,791,6,
autosize,1841,375,2.2513,2,5,374,3,
avalon,1990,781,4.1708,3,24,69581,85,
awesome-react,6677,462,3.3125,1,9,96,4,
babel,5963,288,4.3814,3,15,96091,1592,
Babylon.js,2106,494,3.3159,3,15,211452,156,
backbone,21767,4846,3.161,2,12,23587,21,
backbone-boilerplate,4526,537,2.1186,2,5,253,11,
backbone-cellar,886,384,2.3895,2,8,17026,47,
backbone-forms,2074,416,7.1405,3,25,43541,73,
backbone-fundamentals,8950,1429,3.5523,3,12,122542,127,
Backbone-relational,2311,340,3.381,2,12,20651,10,
Backbone.localStorage,1761,708,3.545,3,12,17847,11,
backbone.marionette,6173,1183,2.8851,3,8,20296,83,
backbonetutorials,2198,1915,3.9616,3,13,120248,244,
background-check,2352,160,2.81,1,10,3643,18,
balanced-dashboard,2444,454,2.2835,2,8,19253,455,
basic-jquery-slider,544,368,4.085,3,8,541,1,
basicBot-customization,12,392,2.1798,2,5,89,1,
basket.js,2029,165,3.7572,3,11,14799,18,
BB10-WebWorks-Samples,144,480,3.6351,3,13,150048,110,
bespoke.js,3317,366,5.8355,8,9,681,5,
BigVideo.js,1969,408,3.8442,3,7,353,1,
bindonce,2189,202,5.7662,4,11,308,1,
bitaddress.org,421,439,2.8151,3,10,8698,33,
bitcore,1489,358,2.2765,1,8,12889,88,
bitstarter-leaderboard,293,387,2.6667,1,8,300,9,
blessed-contrib,6304,187,1.703,1,7,1091,27,
bluebird,6314,499,3.0028,2,10,30021,201,
book-of-modern-frontend-tooling,2037,124,2.2378,2,5,143,2,
bootstrap,8862,4630,3.3459,3,12,18818,78,
Bootstrap-Admin-Template,1502,714,3.4444,3,13,219894,754,
bootstrap-calendar,1404,771,1.9728,1,10,5471,38,
bootstrap-datepicker,6295,2570,2.9047,2,11,8278,89,
bootstrap-daterangepicker,3888,1202,2.9851,3,7,3692,2,
bootstrap-datetimepicker,2460,1658,3.7086,4,9,2608,4,
Bootstrap-Form-Builder,1375,730,3.3517,3,13,13757,21,
Bootstrap-Image-Gallery,2407,826,2.731,2,6,171,3,
bootstrap-modal,4358,941,3.5,3,8,576,2,
bootstrap-select,3236,972,3.6109,4,10,3272,49,
bootstrap-table,1639,472,2.5911,2,10,12726,143,
bootstrap-wysihtml5,3939,980,3.0193,3,9,12150,39,
bower,12234,1501,3.203,3,12,16563,105,
brackets,22177,4601,3.4408,3,18,425734,1304,
brain,5514,537,2.8379,3,8,1308,15,
brick,2848,215,3.2096,3,10,10198,23,
broccoli,2173,138,3.0918,3,9,588,8,
browser-perf-runner,14,456,2.6081,3,5,74,1,
browser-sync,4401,231,3.1616,2,16,14086,207,
browserify-handbook,2389,134,1.0909,1,2,11,5,
BrowserQuest,5082,1533,3.3436,2,14,43723,75,
Buttons,4298,821,3.2118,2,10,18303,35,
bxslider-4,2530,1127,3.3732,3,8,3293,7,
c3,4214,484,2.8898,2,11,19642,86,
cabot,1990,160,3.4839,3,12,47835,13,
caniuse,1120,532,3.1462,3,6,301,1,
card,5529,459,6.8568,6,13,3052,2,
casperjs,4321,712,2.0423,1,10,9115,137,
cesium,806,486,3.2697,2,17,1282558,6317,
cgm-remote-monitor,87,2750,2.7597,2,10,14172,132,
channel-viz,16,742,3.3764,3,12,55863,15,
Chart.js,14480,4367,3.6809,3,10,18081,24,
charted,2279,124,3.2996,3,12,70938,39,
chartist-js,6175,523,3.245,3,9,23628,267,
chartkick,2957,273,3.6544,4,9,1464,2,
cheerio,5394,458,3.3344,3,12,37473,69,
chrome-app-samples,3808,2806,3.2193,3,19,273506,1218,
chromeos-apk,5227,512,3.2667,4,6,270,6,
chronos,2432,269,5.1633,4,50,300940,244,
ckeditor-dev,1597,832,2.8709,1,13,527624,12469,
clappr,2206,173,4.4012,4,14,58850,186,
clmtrackr,2492,372,3.9389,4,15,183252,94,
cloud-to-butt,939,441,2.0417,1,4,72,3,
Cloudajs,919,481,3.1689,3,18,74393,394,
clumsy-bird,804,563,2.7736,2,7,3816,30,
Clusterize.js,2699,93,2.7904,3,5,687,3,
CNPROG,354,586,3.5114,3,11,46938,57,
co,2990,220,2.8734,3,7,1848,33,
cocos-docs,670,693,2.1908,2,10,94482,322,
cocos2d-html5,1670,718,2.5509,2,13,305028,948,
code-problems,2762,88,1.8913,1,5,3736,156,
codebox,2789,295,2.3201,2,9,9690,189,
CodeMirror,6746,1722,2.9956,3,10,174199,574,
color-thief,3341,404,3.9413,3,13,26748,15,
colorbox,3934,1024,2.7287,3,8,4854,120,
commander.js,3677,335,1.5887,1,5,2079,90,
component,4121,266,2.7911,3,4,474,36,
computer-science-in-javascript,2703,405,2.6624,2,7,1546,30,
connect,5406,798,2.6036,3,6,1998,24,
Content-generator-sketch-plugin,2021,140,1.1345,1,5,6981,36,
convnetjs,2710,506,2.9143,3,10,22863,102,
cool-kitten,1476,566,1.6484,2,3,546,6,
couchdb,2161,551,4.6483,7,11,73445,220,
Crafty,1766,437,2.6139,2,10,42771,213,
create,2198,268,3.3109,3,9,28503,126,
crossfilter,4588,1013,4.191,4,11,14826,69,
cryptocat,2056,297,3.1441,3,10,63060,195,
css,2134,423,3.4706,3,8,5514,12,
csslint,2600,343,3.7367,3,15,133233,342,
cube,3532,403,3.9342,3,16,59445,108,
cubism,3857,420,3.0776,2,9,6459,57,
cufon,2118,236,2.8209,2,8,6783,9,
d3,37679,9609,3.2004,3,10,151881,1497,
d3-book,795,735,2.8408,2,8,26388,3,
d3-cloud,1102,435,2.6763,2,8,13911,9,
d3-plugins,1217,471,3.0771,3,7,10578,78,
dashboard,2133,165,3.4292,4,13,153648,192,
dashboards,7241,619,3.5804,3,13,87105,361,
dashing,8522,848,3.1907,3,11,51254,14,
dat,3496,196,3.3811,1,10,19956,153,
data,2353,894,2.0418,1,8,77217,459,
datetimepicker,1052,415,3.9456,4,11,16716,6,
dc.js,3963,924,3.1948,3,10,130173,252,
deck.js,4512,555,2.6914,1,10,11742,51,
deployd,3216,459,4.1145,4,17,128954,289,
derby,3710,202,1.9211,1,5,6999,66,
dillinger,3927,491,4.3231,4,13,101027,224,
director,2696,231,2.5639,1,8,11316,102,
dnode,2048,145,2.1331,1,7,2862,108,
dockerui,2625,290,3.6185,3,9,7960,61,
documentjs,492,438,3.0144,3,10,24210,456,
doT,2055,401,2.7192,2,8,4188,42,
draggabilly,2108,208,2.1164,2,8,6417,21,
dragula,4764,211,4.2432,6,10,3306,9,
DropKick,1842,374,3.2663,3,10,13596,30,
dropzone,7765,2010,4.548,5,11,15285,12,
drywall,1572,381,2.7207,3,8,24867,189,
duo,3072,96,2.3917,1,6,6372,203,
Durandal,1561,362,4.6715,4,15,842976,900,
EaselJS,4280,1205,2.7291,2,12,121056,246,
echarts,6735,2287,3.8085,4,13,1264812,834,
echo,2303,250,2.2696,2,5,879,15,
ejs,2131,316,2.606,2,7,3183,30,
elevator.js,3213,283,1.911,2,4,438,3,
elFinder,1569,656,3.3013,3,12,56217,258,
ember-cli,2188,609,2.7673,2,9,67427,1095,
emmet-sublime,3703,504,14.6207,14,24,36930,12,
engine,2308,96,7.04,5,69,107817,18,
engine.io,2131,233,3.8166,4,8,10455,48,
enquire.js,2314,212,2.1145,1,6,7494,42,
EpicEditor,3922,331,2.7181,2,9,18696,87,
es,523,625,3.8023,3,13,153960,129,
es5-shim,3714,518,2.8146,3,10,17187,42,
es6tutorial,1329,389,3.0933,2,9,7362,22,
eslint,2161,392,4.1714,4,15,344667,1224,
esprima,2412,399,3.8124,3,20,198348,3121,
etherpad-lite,4604,993,3.1265,2,12,128193,468,
everyauth,3078,441,2.1631,1,8,13461,186,
examples,290,557,3.6063,3,14,92928,149,
exercism.io,1596,515,3.6504,2,14,111337,104,
express,18840,3771,2.9243,3,9,32478,450,
fabric.js,4313,734,2.9043,2,9,168285,360,
facebox,1940,420,3.7927,3,12,7322,4,
faker.js,3746,315,3.9177,5,12,410382,207,
famous,6959,849,2.2074,2,9,42158,516,
fancyBox,3103,860,3.6106,3,8,7782,18,
fast.js,2580,94,4.2995,5,12,46821,327,
fastclick,9442,1391,2.5802,2,7,1572,3,
fastdom,2001,81,2.3953,2,6,2193,15,
faye,3087,261,3.5188,2,14,50175,153,
fetch,3278,121,2.6425,2,5,2937,9,
FileAPI,2229,316,3.9958,3,14,51846,81,
FileSaver.js,2353,465,3.1443,2,10,1206,6,
fine-uploader,5383,1315,3.5629,3,12,116775,498,
FitText.js,5245,1164,2.75,3,4,60,3,
Fixed-Header-Table,542,372,4.0908,5,8,2016,12,
fks,3896,1472,3.6538,3,15,76975,192,
Flat-UI,9770,1893,3.3291,3,11,52596,21,
Flexigrid,585,549,4.2943,5,10,8949,6,
FlexSlider,3695,1370,4.1096,4,10,7857,36,
flight,6042,548,3.4007,3,9,8505,69,
FlipClock,1357,476,2.5644,2,6,8131,87,
flot,4325,1065,3.8967,3,13,48774,57,
Flotr2,2262,451,3.1939,3,10,168148,425,
FlowType.JS,3699,417,3.1515,3,5,99,3,
flux,6138,1081,2.6767,3,9,9039,165,
foresight.js,2354,96,3.3799,4,7,2811,6,
forever,6009,430,2.2659,1,7,4863,54,
form,2959,849,4.6608,5,11,3264,6,
formatter.js,2210,163,2.8456,2,10,16969,72,
formvalidation,2041,1281,3.5968,5,10,195718,571,
framework,2818,118,2.7702,2,8,5196,90,
Framework7,4140,772,3.395,3,10,80721,170,
freeboard,2057,259,3.5357,3,16,201012,96,
front-end-collect,831,429,4.4684,5,7,474,3,
frontend-nanodegree-arcade-game,32,739,2.012,1,6,498,9,
frontend-nanodegree-mobile-portfolio,26,514,2.0166,1,5,1263,6,
frontend-nanodegree-resume,92,7011,3.8786,3,12,22611,9,
fuelux,4473,1000,3.4377,3,10,52407,135,
fullcalendar,4205,1455,3.1595,3,12,126810,711,
fullPage.js,9218,2296,3.2616,3,9,9587,11,
funcunit,567,447,3.571,3,12,44007,99,
g.raphael,1485,456,3.4441,3,13,19794,36,
Gallery,1150,417,3.5113,3,9,7011,30,
GateOne,3223,361,3.428,3,12,188464,385,
generator-angular,3603,1715,3.1333,2,9,3512,74,
generator-webapp,845,384,3.6228,2,10,1564,8,
gephi-plugins,125,391,1.152,1,3,750,3,
Ghost,15176,3588,3.0151,2,11,123576,1197,
gifshot,2054,116,3.8334,3,9,18834,87,
globalize,2003,372,2.5948,2,8,24893,446,
gm,2160,227,1.9258,1,9,12735,573,
gmaps,5328,883,2.6255,2,9,18738,87,
GMU,756,366,3.0351,3,11,121881,501,
gollum,5680,1030,4.6221,5,18,460249,1267,
google-api-nodejs-client,3009,377,3.5357,4,8,114922,466,
grafana,5586,719,3.8967,3,16,154741,547,
graphite-web,2148,697,2.9003,2,16,200494,48,
GreenSock-JS,2862,473,4.2359,4,12,51357,63,
gremlins.js,5722,244,3.319,3,12,38128,100,
grid,2715,152,2.6036,2,7,6645,33,
gridster.js,4952,855,2.4427,2,7,24099,30,
grunt,9479,1125,2.382,2,7,12768,126,
grunticon,2955,170,3.3047,3,9,8763,57,
gulp,13651,1252,2.9893,3,6,2250,27,
hallo,2176,328,6.665,7,16,51999,12,
hammer.js,10698,1728,3.2008,3,16,41568,111,
handlebars.js,8283,1153,2.8611,2,9,34344,249,
handsontable,4921,1095,3.6629,3,15,374239,985,
hapi,4221,453,3.2962,3,12,60105,99,
harp,2924,161,2.5941,3,7,5070,50,
headjs,3713,344,3.1537,2,13,75891,168,
headroom.js,7108,490,2.8222,4,6,3240,39,
headtrackr,2644,329,3.3679,3,13,106116,39,
heatmap.js,2896,602,3.2507,3,9,6198,48,
helium-css,3074,224,3.4349,3,11,1704,6,
hello.js,3132,276,3.396,3,12,130521,216,
hero-starter,152,758,1.8477,1,6,2325,33,
hexo,4987,787,2.1888,2,8,54753,792,
highcharts.com,3727,1350,2.9836,2,13,1335080,5982,
highlight.js,5288,912,2.9895,2,8,32655,438,
hogan.js,3940,327,3.0375,3,12,88821,189,
holder,4055,476,4.5456,2,14,11058,42,
hopscotch,2550,327,3.8247,3,12,41634,21,
howler.js,3109,380,3.6336,3,8,2964,3,
html2canvas,4606,943,4.8878,4,12,93096,129,
html5-boilerplate,29779,7676,1.754,1,4,744,21,
HTML5-Reset,1552,399,2.7852,2,9,2277,6,
html5demos,3776,1572,3.7937,3,11,13725,30,
html5shiv,5565,1349,3.1832,1,11,33093,45,
hummingbird,2744,306,3.3247,3,14,66810,144,
Hyperlapse.js,1856,435,2.6831,2,9,3474,12,
i18n-js,1364,366,2.8457,2,9,13743,54,
Imager.js,3448,188,2.7879,3,6,3309,30,
imagesloaded,4053,816,2.5359,2,6,3297,39,
immutable-js,6565,293,2.3148,2,8,27201,117,
impress.js,24172,5310,2.7788,3,6,1926,3,
infinite-scroll,3747,1365,3.8887,3,11,28401,51,
infinity,2429,248,1.963,1,7,4779,6,
ingress-intel-total-conversion,534,364,3.1582,2,10,105977,530,
instantclick,3717,188,3.9574,3,13,24711,12,
interact.js,4172,202,3.2684,3,11,20100,39,
intern,2794,196,3.498,3,11,20596,183,
invoice-ninja,1586,422,3.7208,3,13,364208,67,
io.js,12348,903,4.4347,1,24,2294567,22676,
iodocs,1521,397,6.8187,7,33,39233,21,
ionic,16444,2487,3.4975,1,16,398950,657,
is.js,5829,379,2.1544,2,6,11679,9,
iscroll,5581,1698,3.3581,3,8,27318,93,
isotope,5825,1066,2.1634,2,8,13278,60,
istanbul,2546,253,3.2303,2,11,57168,501,
jade,8361,1296,4.0692,4,12,33642,171,
jasmine,8780,1406,2.9617,3,10,48849,420,
Java,94,397,3.8296,3,10,3932,14,
javascript-koans,997,943,2.0579,1,8,5764,28,
JavaScript-Load-Image,1158,389,3.6405,4,11,10548,30,
javascript-patterns,6521,1205,1.7656,1,4,128,4,
javascript-state-machine,2152,309,3.0226,3,10,9718,20,
jcarousel,1761,707,3.8696,3,13,44247,75,
jeesite,687,974,3.4045,2,16,1087060,1808,
jest,2441,231,2.6148,1,13,25062,252,
johnny-five,3712,466,2.2085,2,9,87288,830,
jOrgChart,641,508,3.1868,2,8,2634,9,
jparallax,939,357,3.1534,3,7,2718,9,
jPlayer,2980,930,5.1741,4,21,277789,65,
jqGrid,1680,659,4.9138,4,15,190404,378,
jquery,34417,8392,3.0113,2,14,114351,447,
jQuery-Autocomplete,1229,746,3.3967,3,13,45747,42,
jquery-boilerplate,2123,466,2.1656,2,5,489,9,
jquery-cookie,7112,3130,2.6422,1,7,1392,9,
jquery-dynatable,2182,214,3.4425,3,9,4746,3,
jQuery-File-Upload,19945,5194,3.7506,3,11,18114,54,
jQuery-Knob,4362,1057,3.6773,3,9,4119,6,
jQuery-Mask-Plugin,881,535,3.5567,4,9,22926,30,
jQuery-menu-aim,6603,964,2.8497,3,7,5070,6,
jquery-mobile,9534,2532,3.9787,4,13,309698,741,
jquery-mousewheel,2528,990,7.6472,7,16,24645,12,
jQuery-One-Page-Nav,1059,374,3.1863,3,6,483,3,
jquery-pageslide,5,356,3.8871,3,11,10944,6,
jquery-pjax,11247,1303,3.6317,3,12,37041,24,
jquery-placeholder,3490,1304,2.7403,2,7,616,6,
jQuery-Plugins,446,401,3.6107,4,9,3766,49,
jquery-qrcode,1670,610,2.2803,1,7,2826,6,
jQuery-slimScroll,1109,465,3.7726,4,9,4407,6,
jQuery-Tags-Input,1473,561,3.4791,3,9,1077,15,
jquery-timeago,2955,523,1.7832,1,5,4401,162,
jQuery-Timepicker-Addon,2186,835,2.9243,2,11,27645,276,
jquery-tmpl,2525,711,3.3779,3,10,11916,18,
jquery-tokeninput,2181,947,3.6185,2,9,2886,6,
jquery-ui,8889,3492,3.9045,4,13,880836,819,
jquery-ui-multiselect-widget,1139,552,3.1829,2,12,12615,105,
jquery-validation,5048,1622,3.7364,3,13,177936,396,
jQuery-Validation-Engine,2026,1072,4.3339,5,12,23520,114,
jquery.fn,946,526,3.4857,4,8,3348,21,
jquery.hotkeys,711,519,3.9529,4,12,47991,12,
jquery.inputmask,1362,440,2.2773,1,15,100401,108,
jquery.maskedinput,1369,420,2.8454,1,11,10482,72,
jquery.nicescroll,1524,579,4.662,3,13,9132,3,
jquery.transit,6299,826,2.3978,2,7,2187,6,
jquerymx,616,454,3.672,3,16,94407,366,
jquerytools,1868,566,3.9199,3,16,47046,60,
jquery_jeditable,1473,386,3.7842,3,12,57432,93,
jqvmap,1014,360,2.6479,3,6,12219,51,
js-assessment,2279,814,2.5346,2,7,2127,60,
js-beautify,2821,576,3.087,2,11,62509,101,
js-sequence-diagrams,2590,314,3.9123,3,15,21765,27,
jsbin,2234,635,9.3079,4,512,2582596,1940,
jsdoc,3111,479,2.8163,2,30,138934,1472,
jsdom,4272,496,2.6994,2,13,329403,459,
jsgen,1277,517,3.8009,3,16,127617,117,
jshint,4987,1034,3.9283,2,13,199611,474,
JSLint,2249,299,3.4841,2,10,12258,9,
JSON-js,5146,3165,3.6324,3,9,3444,12,
json-server,5227,230,2.8926,2,8,2067,21,
jsPDF,4215,864,3.3788,3,11,59187,143,
jstree,1933,600,4.1132,3,12,83135,89,
JSVerbalExpressions,4254,232,3.3663,3,10,6846,12,
jswiki,3282,222,1.6,1,3,20,2,
jtable,523,361,3.4301,3,9,25968,117,
juliusjs,2273,131,3.7213,2,19,291966,18,
kandan,2588,396,2.9114,3,14,9348,20,
KaTeX,3560,179,2.6181,3,9,53490,90,
kendo-ui-core,1505,483,3.3286,2,16,589121,2490,
keymaster,4707,320,3.5952,3,8,3594,6,
keystone,3281,569,3.873,4,17,402608,717,
kft-activiti-demo,270,551,3.1747,2,15,351150,174,
kibana,3548,1310,4.1447,4,12,225060,2440,
KineticJS,3147,678,2.8167,3,10,87393,345,
kissy,1728,764,1.8462,2,3,39,3,
KitchenSink,1659,670,2.3196,2,11,125436,1264,
kitematic,3894,241,3.165,2,19,14562,162,
kityminder,1091,376,3.2607,2,13,103224,576,
knockout,6378,1097,2.5771,2,9,62061,369,
Knockout-Validation,748,366,3.563,2,13,59136,150,
knockout.mapping,477,647,3.0804,1,10,12342,20,
Knwl.js,2020,100,2.9392,2,11,4641,27,
koa,6167,434,2.5286,2,7,9921,192,
kraken-js,3364,376,2.5422,2,6,3309,72,
kue,2926,419,2.1918,1,9,6261,76,
lab1,1,711,1.8782,1,7,35634,526,
lab2,1,633,1.9067,1,7,39552,529,
Laravel-4-Bootstrap-Starter-Site,1919,792,3.0808,3,9,47880,46,
laverna,2225,220,3.1419,3,10,21020,262,
lawnchair,1982,269,3.1135,3,11,20301,117,
layzr.js,2863,93,1.9241,2,5,435,6,
lazy.js,2727,153,2.3613,2,9,22457,150,
Leaflet,10565,1924,1.6353,1,9,219735,357,
Leaflet.markercluster,1092,367,1.3465,1,11,212802,141,
leanote,1620,366,3.8639,4,17,2221590,4681,
leapjs,1451,358,3.0168,2,9,99135,132,
learn.jquery.com,761,399,2.5682,2,5,132,3,
learnGitBranching,3247,894,3.6351,2,13,99924,386,
lemon,284,544,3.5044,3,17,635330,806,
less.js,12249,2801,3.964,4,13,64905,480,
lets-chat,6422,746,3.6989,3,17,131054,260,
libreboard,3696,280,2.211,1,9,8527,173,
lightbox2,1946,848,3.5183,3,7,1308,6,
linux-dash,6167,660,4.2018,1,11,1650,12,
list.js,5221,474,3.4958,3,13,24006,81,
localForage,4286,269,3.4721,2,10,29240,77,
lodash,9254,774,3.7163,3,14,201467,81,
log,2188,112,1.9928,2,5,417,3,
loopback,3830,342,3.4173,3,10,47503,245,
Love,700,635,3.6788,3,12,11496,15,
lunr.js,2737,180,15.9813,9,135,365424,165,
Magnific-Popup,6269,1365,3.7353,3,12,75660,51,
mailcheck,5911,341,3.5982,3,12,29820,21,
markdown-here,7301,1082,3.3155,3,12,83505,93,
markdown-js,3481,509,3.5462,4,13,7047,60,
masonry,7967,1506,2.2789,2,8,8175,42,
mass-Framework,443,466,3.8385,3,15,106971,291,
material,8343,1257,3.0369,3,10,50817,579,
material-ui,7864,937,2.1042,1,7,5040,180,
mathjs,2295,216,3.6326,2,14,221700,1650,
matter-js,3017,182,3.2865,3,13,98976,114,
McPeScripts,126,647,3.1321,1,9,3429,78,
mean,6650,1955,3.118,1,9,8010,162,
mediaelement,3311,782,3.6222,3,12,77814,162,
medium-editor,4972,612,3.3324,3,9,36838,148,
Medium.js,3097,283,4.3707,3,13,15207,96,
Meny,2042,471,5.2571,5,9,1902,3,
mercury,2328,494,3.5186,3,12,90984,34,
mermaid,6119,188,5.3056,6,13,360966,141,
messenger,3197,308,4.3222,7,12,125269,70,
metalsmith,3367,256,2.7036,3,6,2166,36,
meteor,24914,2808,2.5878,1,17,820016,2368,
metrics-graphics,4690,214,3.7484,3,13,80400,147,
microjs.com,1086,493,1.4016,1,5,27000,57,
Microscope,526,388,2.0477,2,5,1508,65,
midnight.js,2415,238,3.4862,3,11,4986,15,
minimal-mistakes,476,1133,3.8478,3,9,5223,12,
Mining-the-Social-Web,1016,395,3.3827,3,14,115485,36,
mitmproxy,3364,417,4.8204,5,17,125955,90,
mixitup,2716,395,3.8478,3,9,4377,6,
mobile-angular-ui,1690,354,3.6778,4,12,15476,82,
mocha,6606,1049,2.8013,2,10,30733,368,
Modernizr,15163,2037,3.1822,3,11,40281,1098,
moment,20810,2306,2.135,2,7,326709,1215,
mongoose,6831,1040,3.7002,3,12,228363,771,
mootools-core,2116,399,3.1104,2,13,55116,174,
mousetrap,5920,507,3.3977,3,10,29463,42,
move.js,2573,344,2.3894,2,6,2373,6,
mr-data-converter,1037,360,3.7001,2,11,13704,15,
mui,889,446,3.2615,3,12,36174,30,
mustache.js,7711,1588,2.0833,1,7,3636,207,
myth,3732,117,7.8467,9,14,198021,15,
N-blog,1680,1004,3.0749,4,8,2763,21,
nanoScrollerJS,1915,444,2.6934,1,8,13386,39,
natural,3344,325,2.0382,2,8,37212,456,
nedb,2657,175,4.4203,4,13,63597,102,
Nestable,1362,458,3.4962,3,7,1173,3,
nestedSortable,838,380,3.9192,3,7,1002,3,
ng-cordova,2093,495,4.352,4,16,245229,633,
ng-demos,631,383,3.5621,3,15,764323,1431,
ng-file-upload,3276,696,4.5645,4,14,63213,42,
ng-grid,2532,1299,4.2464,3,16,213025,486,
ng-table,1469,455,4.0982,3,16,46159,101,
ngbp,3564,1086,3.067,4,6,1657,22,
nightmare,4125,147,2.9601,4,7,3234,12,
nightwatch,2844,215,2.4981,2,9,30500,446,
Nivo-Slider,888,402,4.3254,4,11,3798,6,
nock,2067,179,2.2061,2,8,17817,78,
node,36201,8114,5.0534,1,24,1489050,14516,
node-browserify,7311,639,1.9522,1,6,11733,1029,
node-express-mongoose-demo,2328,716,2.5021,1,7,3258,77,
node-formidable,2469,356,2.1257,1,7,6921,114,
node-http-proxy,4053,737,2.8836,3,7,7476,111,
node-inspector,6840,439,2.1362,2,9,333789,1217,
node-jscs,3238,313,2.6581,2,14,72405,993,
node-lessons,2183,806,3.3702,3,10,17040,39,
node-mongodb-native,3751,820,3.5649,3,30,143658,279,
node-mysql,4796,790,1.8005,1,7,20256,618,
node-oauth,1545,388,3.7407,1,10,6861,33,
node-optimist,2059,123,1.9093,1,5,3240,69,
node-postgres,2365,311,2.0216,1,7,16401,324,
node-restify,3368,423,2.0796,2,9,23031,194,
node-soap,795,543,2.5358,1,9,9183,60,
node-supervisor,2264,201,2.1203,2,7,873,6,
NodeBB,4203,744,3.3052,3,12,225503,1174,
nodecellar,1139,630,2.3797,2,8,5760,42,
nodeclub,2634,1354,3.7048,4,13,115590,345,
Nodemailer,4119,406,2.644,3,8,3261,33,
nodemon,5078,369,2.0825,1,11,31173,444,
nodePPT,1480,397,3.0067,3,10,84507,378,
node_redis,4578,636,1.686,1,6,12135,123,
noty,3863,666,3.7494,3,12,32436,63,
noVNC,2110,379,3.1587,2,10,45672,110,
nprogress,9076,819,2.6579,2,6,1368,6,
Numeral-js,3275,347,2.3431,3,7,14226,186,
nvd3,3735,1294,3.7953,4,10,79737,117,
nw-sample-apps,1157,370,3.4413,3,13,92322,234,
oboe.js,3564,127,3.4666,3,10,58545,222,
OctoPrint,876,405,3.1526,2,10,114030,107,
ol3,1164,694,2.607,2,12,202830,1599,
onepage-scroll,7620,1799,3.7062,3,7,2124,6,
oocss,4602,627,3.6829,3,12,31263,63,
opentip,1033,385,3.2901,2,12,110496,54,
OSXAuditor,2181,123,3.4556,3,10,109031,581,
OwlCarousel,2886,590,3.9516,3,12,8064,21,
OwlCarousel2,1543,427,2.7407,2,8,13317,51,
p5.js,2436,256,4.2057,4,31,648932,1525,
page.js,2276,231,3.6857,5,8,4038,51,
pageres,6470,301,1.9804,2,4,1533,15,
PapaParse,1981,201,2.4975,2,9,9021,21,
paper.js,5066,505,3.4201,3,10,167568,342,
paperwork,3910,318,4.2015,4,15,175549,194,
parallax,8198,1193,3.5054,3,12,34722,24,
Parallax-Scrolling,840,568,2.8503,2,6,1182,6,
Parsley.js,5985,983,4.6478,4,14,61005,264,
particles.js,3122,272,3.3749,4,9,4209,9,
passport,5328,377,3.5712,3,8,20274,98,
PathFinding.js,3516,407,3.1485,2,13,19254,108,
paulrhayes.com-experiments,452,677,2.9223,3,14,51423,27,
pdf.js,11693,2601,2.9113,2,16,194043,426,
peerflix,2323,394,2.5294,1,7,1530,6,
peerjs,2935,402,3.0992,3,10,12369,42,
pen,3179,308,2.3737,2,6,2376,9,
perfect-scrollbar,2207,493,2.0073,1,5,3273,72,
perfmap,3560,126,2.1056,2,7,426,6,
PhantomCSS,2822,171,2.4403,1,9,12196,37,
phaser,8553,3007,2.9346,2,12,555795,894,
phaser-examples,489,402,2.8016,2,12,462102,2904,
phonegap,1950,1382,1.6177,1,6,10693,175,
phonegap-start,3345,6594,1.8757,1,6,5382,15,
PhotoSwipe,7854,1026,4.2391,5,11,21858,36,
phpjs,1943,843,3.5664,4,17,966972,2757,
PhysicsJS,2318,287,3.4435,3,11,146229,327,
pickadate.js,5206,584,3.7081,3,17,96123,315,
picturefill,6903,858,3.7524,3,12,33132,33,
piecon,2251,114,2.259,2,4,417,3,
Pikaday,2535,475,3.3837,3,9,2643,12,
pixi.js,7532,1554,3.7163,4,12,80351,413,
plato,2790,143,3.3756,3,13,74475,174,
plax,2091,202,2.9516,2,8,930,3,
Plugins,450,923,2.6991,2,10,8701,285,
plupload,2912,750,3.8654,4,12,42930,177,
PluralsightSpaJumpStartFinal,137,1079,4.1247,2,15,201765,129,
plyr,3564,198,2.9884,3,11,10116,21,
PM2,7697,623,2.6996,2,12,29898,419,
Pokemon-Showdown,500,666,2.6368,3,16,563331,442,
polymer,9723,896,2.6225,3,7,25674,183,
pomelo,4671,1392,2.5577,1,11,37340,311,
popcorn-js,1769,527,3.4586,3,17,109546,340,
postcss,2685,118,2.6538,3,7,16290,150,
pouchdb,4223,484,5.466,5,22,209742,390,
pourover,2292,112,2.8875,3,9,19257,27,
prefixfree,2790,586,3.0419,3,8,1863,21,
programmer-site,17,632,1.1111,1,2,27,3,
progressbar.js,3674,224,3.6004,2,10,8094,54,
prose,2602,480,2.9349,2,12,59201,226,
prototype,2979,501,2.5031,2,10,51699,207,
protractor,3825,737,2.5549,2,14,34639,587,
PrusaMendel,334,553,3.8472,3,11,12072,12,
purl,1716,389,2.3938,2,5,876,9,
q,8580,698,2.5481,2,8,20306,71,
qTip2,1665,403,3.5593,3,12,32997,105,
quicksand,1832,360,3.6693,2,11,2250,12,
qunit,3173,649,3.7293,2,34,19773,90,
rainbow,2344,237,3.0607,2,10,35877,120,
rainyday.js,4371,667,1.9875,1,7,2157,6,
ramda,2046,158,3.4135,2,12,112971,1674,
ramjet,3783,119,3.2462,3,10,18694,57,
raw,2863,507,2.9853,3,8,10008,72,
react-canvas,5772,316,2.351,2,9,8760,105,
react-router,4255,592,4.0695,4,11,23164,209,
reapp,2230,110,1.7857,1,6,224,12,
redactor-js,706,359,3.8787,4,9,8925,3,
refluxjs,2562,146,3.6849,3,11,13338,138,
regulex,2286,214,3.7902,3,13,40710,45,
rendr,3764,314,2.9827,3,9,20730,149,
request,7330,954,1.9582,1,6,22659,204,
requirejs,7532,1295,3.5235,3,12,47496,1197,
Respond,8851,3198,3.4194,3,8,8118,27,
responsive-nav.js,3259,525,4.0238,4,9,11235,36,
ResponsiveSlides.js,2701,1285,5.0482,4,9,996,3,
rest_in_place,312,568,1.7663,1,6,2662,10,
resumable.js,2371,276,3.6547,3,10,7827,15,
retinajs,3321,517,2.6922,3,7,1725,27,
reveal.js,21275,6448,3.3191,3,10,49119,75,
rework,2129,97,2.4915,1,5,177,6,
rickshaw,5219,839,2.8961,3,12,72441,171,
riotjs,6236,507,2.7149,2,10,19506,183,
ripple-client,1281,482,3.6568,3,11,75657,363,
rivets,2298,205,3.378,3,13,20136,33,
rsvp.js,2431,167,2.9689,3,8,10017,108,
sails,10579,1133,3.4434,3,11,48325,499,
sammy,2709,336,3.5017,3,13,95255,167,
scout_realtime,2078,124,3.8764,3,12,14244,12,
scraperjs,2815,122,2.5545,1,6,5091,63,
screenfull.js,2271,225,2.8915,4,5,885,9,
scribe,3035,186,3.8585,4,11,10470,156,
scroller,2337,257,2.9688,3,10,9339,24,
ScrollMagic,5048,835,3.1263,3,10,55302,219,
scrollorama,2401,370,3.7887,3,10,1803,3,
scrollpath,2645,489,2.5236,2,7,2412,9,
scrollReveal.js,5944,823,5.2064,5,15,2631,9,
seajs,4006,1868,1.0732,1,11,530241,876,
select2,13901,2740,3.9723,5,13,108669,498,
selectize.js,5964,1091,3.6231,3,12,86158,86,
Seriously.js,2618,180,3.1843,2,10,122559,219,
share-button,2746,337,3.4172,3,7,1431,3,
sharp,2260,108,3.1707,3,8,10986,69,
shelljs,2483,166,2.2823,1,8,4197,189,
shiny-examples,118,438,3.2988,2,11,150657,255,
shipit,2104,47,2.2196,2,5,765,12,
should.js,2034,216,3.7615,2,11,14037,105,
showdown,2645,549,3.1838,3,8,7197,36,
showoff,373,468,4.9717,6,10,50217,63,
sproutcore,2117,305,2.5917,1,34,470037,2849,
webgl-globe,909,370,3.8332,3,22,1172741,2330,
webogram,1939,606,3.3479,4,15,311622,1546,
WebRTC-Experiment,2649,1346,3.5006,3,14,237729,618,
YiiBooster,594,373,3.2661,2,14,522989,1406,
yui3,2966,1005,3.8969,4,15,4664764,9114,
yui3-gallery,368,372,2.9589,2,16,8804714,17064,
zombie,3071,372,3.7739,3,15,262673,220,
